"Geolocation","Commodity Description","2020 Jan","2020 Feb","2020 Mar","2020 Apr","2020 May","2020 Jun","2020 Jul","2020 Aug","2020 Sep","2020 Oct","2020 Nov","2020 Dec","2021 Jan","2021 Feb","2021 Mar","2021 Apr","2021 May","2021 Jun","2021 Jul","2021 Aug","2021 Sep","2021 Oct","2021 Nov","2021 Dec","2022 Jan","2022 Feb","2022 Mar","2022 Apr","2022 May","2022 Jun","2022 Jul","2022 Aug","2022 Sep","2022 Oct","2022 Nov","2022 Dec","2023 Jan","2023 Feb","2023 Mar","2023 Apr","2023 May","2023 Jun","2023 Jul","2023 Aug","2023 Sep","2023 Oct","2023 Nov","2023 Dec","2024 Jan","2024 Feb","2024 Mar","2024 Apr","2024 May","2024 Jun","2024 Jul","2024 Aug","2024 Sep","2024 Oct","2024 Nov","2024 Dec"
"..Cordillera Administrative Region (CAR)","01.1.1.12 - Rice",90.2649211324068,89.7997916223991,88.9030226765315,90.1631856008950,89.3501085066948,89.9999045919639,90.4825446849186,90.7004764767440,90.9793668201209,90.5972846962719,90.4406068207662,90.1726436986138,89.7006278246610,89.1834802755894,90.2938979821694,90.7541862037811,91.3118752059764,90.8895042432534,91.4925989209627,92.0061915797708,92.2158670861719,92.3137993368357,92.2091380285308,92.7023255716301,93.0610233380980,93.5232961925415,93.6941941177556,94.1022427148776,94.4600911840285,94.5531959681275,94.6658945370287,94.8009066140062,94.9232057686277,95.2208496985161,95.2074786629595,95.2411443672976,95.0714942260902,95.6107536045446,96.1179437041059,96.4989502378890,96.4984533893506,96.7225841252747,97.1045476693991,99.0202699198872,107.8690120040070,107.4324589977730,108.6589528766370,111.1484934512640,113.7205749353600,117.4031649061480,119.3903263726550,119.0535589502950,119.1887179110890,118.4269192527800,117.9785251392090,117.8009655205870,118.6635332548330,119.2461673456680,118.6709980845680,118.7433662121120
"..Cordillera Administrative Region (CAR)","01.1.1.16 - Corn",112.3169766362880,114.7961276458510,115.5794556943130,117.6753747952070,116.5475790679590,123.7331659641130,124.6752463256220,122.4136449785920,122.4502257874050,122.2086348999880,127.4273173343270,134.0779578670930,135.7938257186300,135.4783175870130,135.3890998293080,137.9097498067230,139.4722422139710,138.9020761072220,140.9287831548890,142.6256199637030,143.7459960391760,145.7864618086420,146.0454390663210,147.3110365938080,148.2130957919860,149.0829689620700,149.9366121142990,150.8493488744030,152.1376558049190,153.6796163635430,156.1322065097960,157.4393581803070,158.2683566422100,162.1960175339630,169.5326459658050,167.9962761722850,167.3529293455990,168.9320793074380,169.1402608207000,169.0539185919050,170.7203283303950,171.1184495624320,168.1019329855740,170.9521719393160,170.6133562305550,172.3061785891680,174.2350998540020,177.0868922959150,177.1845542476040,184.8343376151650,186.3278360793250,186.4699957934440,186.7675855029930,185.7491332898380,185.9760893569510,184.4590760725280,181.7797500638240,181.0504405230720,183.2145827366070,184.1866567019810
"..Region I (Ilocos Region)","01.1.1.12 - Rice",94.4393426877658,93.8298457056181,93.9293410877044,93.6279155059477,94.4711239211286,95.9088721979838,96.1436380854711,95.4174364675541,95.1382187477050,94.6825687526355,94.5130262051378,95.0566779346406,93.4486295044410,95.4692062705598,95.3890885581373,96.5914727998639,95.3798923060153,94.2617504771929,95.0919778036577,96.9329076270381,97.8032291057981,96.9585622926689,96.7925642185740,96.4491345285756,95.3323420583475,95.5835078469877,97.1018852955043,97.1870611908004,96.7801373738804,96.7693287346862,97.1358127954555,98.8744772669281,99.3577594391435,99.4128493498177,99.3382864763777,99.5136456889776,99.4068982220426,99.7033115077727,99.9897859011088,99.9100661062360,100.0983447815990,100.5211261967640,100.9415011629810,113.9388456105720,121.6086231876400,114.9335659949690,115.4448318766380,118.9222852073140,124.3982722693310,126.0426827636940,126.8210076050180,127.2257690547560,126.5616122076780,125.6120164674650,124.7214557047810,125.7977450165150,125.3651849604930,124.6169481966100,122.8842637587520,121.7412876347780
"..Region I (Ilocos Region)","01.1.1.16 - Corn",105.8940129228770,109.7976981758750,108.5756295976260,111.0778921762250,111.8537794299050,114.7768980543260,119.0502003928720,119.4504068739680,119.1480491930510,117.5764170110830,117.3978277468520,115.6596220418990,117.3937655456610,125.2364229358460,120.9559619810740,123.9695438439310,124.8215249581420,123.3347560732130,123.1562081909180,127.8359529886110,127.8359529886110,127.8359529886110,133.2280495416350,136.0875258996480,133.2406137272090,133.4022048884260,132.2808142597280,131.3410573463660,131.5795219792490,119.7278250211690,122.1627613079440,121.6780675719280,122.5825626252400,118.0241372137610,121.9610591823440,122.4276900520960,120.7055839471250,119.7829337086840,119.7829337086840,118.5021509601330,117.8715451829190,119.1893078526700,117.4020491653460,120.1670941082840,120.1670941082840,120.1670941082840,122.4964116783430,125.5325953399010,122.4964116783430,127.2164671888470,131.1118993145350,159.3372168198840,163.2478529969020,163.8582303337170,159.2137006676210,149.4433540006030,140.1866994589440,142.0506346752680,144.0346605491470,144.4056225717430
"..Region II (Cagayan Valley)","01.1.1.12 - Rice",88.0406555759682,87.1132321316627,87.8960249094067,89.1886061064232,88.1952713778185,87.7717854106266,90.4837077945977,90.3851800751844,91.0568733162026,90.7946087457320,90.3317685218362,91.1481658173305,91.8749705701697,91.4974989330750,90.9829870475807,91.0424420020205,90.7358484347854,89.8816006569193,89.9441973541040,90.3197587737000,91.3386408748570,91.2569187627585,89.7480325116124,89.8065499748486,90.1924895419269,90.7541078178840,90.4658888683477,90.6765657036984,90.3219304789642,89.6540740320593,90.0552280050392,89.8485377186432,89.9364791612085,90.7338048764529,91.2326071641564,91.6485648077976,91.4564407504675,93.0902159424138,94.4293927294545,94.9332861057176,94.7863629438504,96.3867356074928,96.5646309405104,100.6578430041000,109.5492127719660,105.4054866216840,110.7336624717150,115.1695346996150,117.8038121363080,119.2140956974420,119.2937410180470,119.9459503821560,119.4920803392700,118.3650634055520,117.9642080498860,117.0825906028080,117.4396281163580,116.6939042870420,113.8003053399240,113.0360915368350
"..Region II (Cagayan Valley)","01.1.1.16 - Corn",107.2096081881100,108.6174741316020,109.6920589999990,110.2757288800630,109.9322821308950,110.7022728587160,113.0023687850270,112.2766707613800,113.1504454443580,112.9354821027450,112.9599928584560,113.1280431535080,113.3903140440660,113.5372025311180,115.5096691261700,115.6892439122550,114.6630029244050,117.1069449880490,117.8623982443420,122.9752012303370,126.3220304810350,126.7226158578400,127.1977503551280,127.0581581152290,128.8958590348970,129.0675649340950,128.3233052255700,130.0648564124350,132.1528864752470,131.4077754528750,131.5710270240570,132.2309224654200,132.1908622444150,132.4647681181690,132.6794748711550,132.9802597239500,133.0748165458540,136.8771669645460,139.0241602190390,145.2165043067410,148.0028715137570,162.0125970571330,165.9691429624010,168.3323705207890,168.6521605806770,170.5620336037160,169.9291223002060,172.8290470691940,179.3564875562690,183.8518211236700,183.7212879552690,182.0513608537020,175.6784986754030,175.9675502260350,175.8761010983710,174.8706347158920,172.6051430359100,172.2284307163330,171.9277910460480,169.9235023150610
"..Region III (Central Luzon)","01.1.1.12 - Rice",92.5849803482650,92.5829844110424,92.6508241692244,93.1695794846199,94.1859550337085,94.1634670820457,95.4663705505960,95.4764803338067,94.9056616925268,94.0144075805781,93.9286467338849,94.5528818318115,94.9691722830437,95.1927200293180,94.6891829534670,94.7170837063025,95.3346259291685,94.9869384207126,95.7891702756608,96.8132565137766,96.6450787932095,96.9222201893640,96.5654418523180,96.3725072938490,97.0764782705048,97.7365812979599,97.4624013961169,99.0346038091962,98.5833543688534,98.3772537508367,98.7225702189220,99.3671698859990,100.2506454505550,100.0095479203910,100.1190705194930,100.5566150113800,99.7223360156821,99.6768272311757,99.9719325203707,100.3211128979840,100.8902719511490,102.0428795960530,103.4671371748330,110.1458625394350,122.4653339320020,113.1500746749190,117.4417738163230,123.4932731296970,127.2332837528770,127.4606046150630,126.0045151472230,126.7435448973280,125.9067146105570,126.3479620739540,125.7214907518180,123.7550064776060,123.6053602742220,122.4632134850100,118.7986758699570,118.7233039403410
"..Region III (Central Luzon)","01.1.1.16 - Corn",108.2739567381590,102.3941185448250,99.8401660394275,101.2397395584550,102.9660896337220,102.8850113232920,100.6785539972310,99.6437628099660,100.1761006985690,100.0166291619790,102.0167239004710,106.1185114326600,109.9636783413950,102.4063038931760,100.7346719536580,101.8075996207260,99.8602727963712,98.0354316148919,101.2899468319450,111.8115614391940,111.1012662706450,112.0637770467080,124.6196625028740,125.8432521465780,129.1210210368470,117.6921375542740,114.5475679704450,112.9990365210350,108.6248450257020,108.1275696723020,113.7483459997440,114.2271641832250,118.2403624006920,131.1374966488610,147.1176998633660,144.5540614082880,139.1401689930330,137.0932246733490,136.3121630025610,133.5841404784440,127.3167849063820,130.6641630233600,126.7542567236100,135.1782564069240,140.5276161883030,145.4739526722650,147.7907026948780,146.6341988251900,147.7773781700630,140.2578994792350,136.3843286168920,137.4713851943370,136.7048668012470,137.0429018681540,141.7454586252020,145.2343831954370,151.5455554696240,168.3260344952040,173.5602234841990,180.5145504140710
"..Region IV-A (CALABARZON)","01.1.1.12 - Rice",94.0463659826878,94.0050651180350,93.9250827146457,94.4613716815868,94.5934306512239,94.6238144288920,94.7747398057446,94.8464369335289,94.8796100718746,93.9112426756402,93.4362002155252,93.5471956491140,93.8463656459698,94.2073062707052,94.0971099840493,94.4177539192686,94.3631851386549,94.3808313138450,94.3217641147126,94.6268151649059,94.8642779907053,94.5635004534661,94.8446171048926,94.7276441551866,94.8322456131697,95.1583416665255,95.1467877256124,95.0868906909960,95.2593033616461,95.8425381137889,96.0608086040569,96.7331890798864,96.5993145885980,96.9831919331787,97.4148612191633,97.2928439824207,97.5027724248582,97.8501620526106,98.1670388159037,98.8006080464079,98.6521914981713,99.4184760146705,100.0206676769520,103.4815041626090,110.1653519326850,105.2165614987320,108.8061012566360,112.1490499168240,114.5685481911130,114.5747056936870,116.3996252877530,117.7411905397060,118.1911735980030,118.5263028098240,117.8566953145880,116.8048953164130,116.8436027189390,116.1623568204050,116.0480988511020,115.5813233163820
"..Region IV-A (CALABARZON)","01.1.1.16 - Corn",105.4803037864420,106.2076875633390,104.0875516471830,109.0872742591230,109.9347892862640,110.1864420969340,106.3192560615590,104.3921918961890,105.0323706873000,110.9283484599620,111.8064375880450,115.2711983832220,121.8139503207640,116.4942701223960,112.8080745592120,113.9081501931020,113.2301529688390,108.7759414560960,104.1693294117340,113.8945694212370,113.4157132947480,118.7440188646280,118.1101059134330,116.7301878861830,118.7947088261940,117.8065988321970,118.7346968977330,118.6639641600310,116.1100242280550,118.8382286032230,122.4918419136150,122.8894018360350,122.6650389940460,124.0305632890170,133.2251139966140,137.1801568808490,138.7890907706470,138.0976545128670,140.0299604959120,138.4968597723290,141.1217850363480,138.6928853272930,138.9087665155050,138.9844455459480,139.7024677571360,139.0891555711470,137.5288207491560,139.8628012449030,144.6022290100950,139.3942659013140,142.7949095241060,141.1854273102050,142.5987905220470,142.8975075596770,145.9668368868060,150.3752949004320,146.9456984860350,149.8655080581550,151.8041275228040,156.2516224968860
"..MIMAROPA Region","01.1.1.12 - Rice",88.2018340863851,88.0058535320083,86.8069963949042,91.0552281088906,94.4397393741508,96.2904342935401,96.5235542268097,96.9243086826452,97.3272602421079,97.6640576468174,97.2056506310213,95.9103354048903,93.0127219831262,92.6918952650707,93.1225186249348,93.4303857526407,93.2040885450036,92.8300392555259,92.3348377929020,92.3348377929020,92.3348377929020,92.4050185372535,92.5177250270606,92.5493220651348,93.3628922300083,95.2554704671389,93.8499398750340,94.2704818419447,93.3737570693094,92.9525085692783,93.4094708552646,96.3356327624894,96.7800400922803,97.9429194617015,98.9267151982409,98.8590906222951,99.1473590283288,98.7209236979988,99.2568447849418,100.1136147889550,101.0382430909450,101.8900253101400,102.6969906323760,103.1410442177540,108.3730145350330,107.3279951540790,107.2539062735890,109.7193396211360,110.3960108109070,114.3532093310070,121.9595581615260,120.9228438107060,121.0228873152600,121.1592384732620,121.8076381852180,121.0443844478610,120.3009607752850,117.7050597501830,112.2510701632330,109.1195885721850
"..MIMAROPA Region","01.1.1.16 - Corn",138.0012070698950,138.9853611352180,139.4284357839250,140.0330537506880,141.1139046630820,141.1387192556190,142.4946336678860,139.9860141717000,139.2696087808580,141.8615128036290,144.4944175862880,159.0212442144780,161.3593117052710,162.5433731833600,169.1234870166420,168.8964791546370,169.5331054588030,169.9169208452810,169.0630977759990,169.0630977759990,169.0630977759990,169.4368810201490,169.7067332519490,170.5908598974930,172.0782712816360,175.0900445957180,174.5725220470120,174.7807386986590,176.4158243692940,179.3975337503090,180.3931154242770,180.7338690637960,182.3816053331870,183.9188896741340,188.9361531157220,192.3694027664280,194.0404516830810,195.9621338260100,198.1437777528830,198.4433524789530,197.5770149728380,197.2689890420560,201.3537195065390,195.0505917443510,196.9952119399020,197.6456165399730,191.4330233975770,191.4657776710240,192.4117999807760,193.8196245030040,194.1649025719840,198.8224477119940,198.9777023969600,196.5054513167480,198.3069653741500,195.8975437135060,196.5172522011850,199.2430171510710,200.9630273524300,201.2156619721250
"..Region V (Bicol Region)","01.1.1.12 - Rice",89.9456122715681,89.6770069513475,89.2090326654472,90.2140272790232,91.7871991586924,92.6421253253325,92.8186437888627,92.9926358609639,92.5585672161840,92.8079335192969,93.2163038656930,92.8344376055667,93.2116448038818,92.5477951843966,93.7213313559671,93.3838666501901,92.3869500584949,92.5992186876172,92.7642325106114,92.7642325106114,92.7642325106114,92.9375659110297,92.9101423285432,93.1025466660282,93.3378928018192,93.9123823821126,94.8684786828783,94.6867066689868,94.3413112438218,94.3314691607547,94.6405497947216,94.8664894956880,94.6564479291108,94.3794079017986,94.6559455351593,94.9405538571994,94.7850816276176,95.4472575626945,95.4529398584403,96.3940814695489,96.8986230946808,96.9393689143747,97.2972017055910,101.5457152257580,111.8410521835280,109.0540192413310,115.6798181436940,121.9135800837690,126.9791872971790,127.8930381288970,130.4653669059660,128.6266130751730,125.1043192635180,125.1720652749520,124.3230424320780,122.9530104464480,123.9964524399710,123.1086292806890,122.3124344279040,119.6968163484350
"..Region V (Bicol Region)","01.1.1.16 - Corn",99.1871392626027,98.3028375080386,99.9402466704721,103.1849725773930,104.0128020684360,105.2069965882350,108.7769749576260,108.9850576427140,110.0272020131460,108.3290089547350,109.6243506359660,111.9882124558130,110.9187274716980,108.8327199084500,105.5751988450430,107.6312492378540,109.1111140757290,109.0691504658300,109.6538448543370,109.6538448543370,109.6538448543370,109.6538448543370,109.6538448543370,109.8267606775940,110.0745778829590,109.5430757090340,109.0556415843230,108.5521037438580,109.1396517748590,109.7275673049510,110.9614886880160,112.7735305734770,111.9319679557630,113.8047836068360,113.7648343548330,114.5018298973530,116.5523132805980,117.1027052149890,117.4232388774840,118.5473303206510,118.9247007236640,120.6135887230850,119.5224193801720,121.0851277522340,123.1936365468780,124.0543461034700,127.7014129905800,127.3713954419930,129.1826244833680,129.2596996949580,129.1203859498170,129.6572976060060,130.4998126601900,129.8983370934010,130.2348140561060,131.7562747527390,131.5838215775060,133.9013375854610,135.7017107643900,135.8735567698290
"..Region VI (Western Visayas)","01.1.1.12 - Rice",91.8647252672848,90.8208534528740,91.1286938943602,92.5687444399393,92.8005205217380,92.9771978567674,93.2029540499566,92.8442288385502,92.6299261707943,92.2214987067836,91.3251309635753,90.8251807939476,88.2410477391161,88.8118821787333,88.6197441480182,88.8434914719460,88.7183833413646,88.8420430775853,88.8787932296333,88.5804311109354,86.3148715952021,87.0241717774462,87.1252860510517,87.1001382105453,87.7856718040572,89.4018782070838,90.7911182154526,90.6937425616084,91.1287211881695,92.5511702868417,92.9351582695150,92.8308727887221,92.3296809865535,92.0640204591747,92.4968071027816,92.6448966859216,92.5593001642576,92.3452867814031,92.8401896510608,93.5928710676317,95.7281173689715,96.3171154773400,97.6252282758420,100.3951854427800,103.0169983210020,98.6547226246525,100.6209751773290,103.6754931288700,105.6419199458480,108.5819439271970,110.7963485108390,112.7032893665720,115.2538173349750,116.1890900539760,116.0638687370540,115.8266310175170,115.7213804620160,116.0248234374690,113.5958106588980,112.3803233280440
"..Region VI (Western Visayas)","01.1.1.16 - Corn",109.2211780718110,112.1968722687250,111.6858752492560,111.3786805387890,110.7885908234890,111.5160226762900,110.3658943326010,110.4028560258180,111.1777368020520,112.6982333232470,115.2808525214790,115.3338625278240,115.6900873737120,115.5172629979800,116.4011306058470,115.5115933529190,114.9735761160720,115.5222670799150,118.5686426155050,118.3183828397750,125.7893774069860,133.1075145097680,136.7801156099830,136.5792429676290,140.4917040305790,141.7470371463660,144.6154272197260,147.1588657607410,147.6313923299460,146.7585979984870,146.7677071599150,148.6911181256110,150.8175089610150,162.7959138355490,166.4236187080220,167.1984377118700,165.9403784754790,167.3552620181520,169.1438363842920,168.8602292320760,168.8144440450320,167.2539001771350,167.3918617845090,168.9391522691480,170.6654892942730,171.3775703422970,171.6375311673010,171.7718235590500,172.5144663497130,173.6396228783890,173.6217381926490,175.0514981211230,174.9831984301550,176.1700093678800,176.3643986963540,176.7588297361370,177.1103638924480,178.0447303493650,178.6803366364010,180.2969649726990
"..Region VII (Central Visayas)","01.1.1.12 - Rice",89.0491645974898,88.2481573850684,88.2061150175006,90.3385383901771,92.6974341853227,94.8022130395573,93.4988156821279,92.6057814592268,92.0028987843108,91.5107873221117,90.7262823688355,90.8531110298281,89.9005638750429,88.6938036683972,88.3941821481650,87.2277603527672,88.5183450426895,88.1804359768513,88.7850789855417,91.0082728856684,88.7235326551477,88.9601883440565,89.4775195201799,88.1045384290177,89.9272591044843,90.7289397994510,90.0263441677114,89.2792331163002,89.4417356535260,88.9021506678586,89.1531598783421,90.6900621802400,90.9598034108416,90.3871929405593,90.3037397495096,90.5740690753985,90.6284789072761,90.8636265810705,91.1381348541335,92.2846228426994,92.7043258022434,92.2720254676282,92.8159262663368,97.4026793725067,104.3262760460940,100.9202341045370,104.0689781984860,106.9098381115520,109.8482307881030,110.5572997203600,110.7251444329570,111.2364921861550,110.5800620889330,110.9886155337900,110.8014308645300,110.0552136036190,109.9269855000770,109.8182426950750,109.3370580671490,107.6402670533400
"..Region VII (Central Visayas)","01.1.1.16 - Corn",98.4646965180548,97.3973481279604,96.9100380445829,97.3428860096096,98.0571771342866,99.3275652730907,100.4701013797820,102.1699818003060,102.1746251020850,102.0197127420280,101.5330977935600,101.0037985152590,100.9750305662120,101.1758242314360,99.4300267498724,107.5945542975910,112.8998233217510,110.8152006330900,99.9747409084245,105.8654573029170,111.3175595864490,114.7024147454160,120.5372915703160,120.1451983473840,160.8228796823630,171.9293969644670,173.4707623934540,177.7243519189020,179.9158859431080,180.1495420568390,177.7757981020070,180.1227515090520,174.5525396060880,181.4966474641340,182.4876145624620,179.5409402019960,183.7808066721180,181.8869221503820,179.2310373470790,174.3123889454660,171.8000116465060,171.0699538203390,179.0727695733670,148.5190025427370,157.4144283620950,150.9285964083940,146.1904493808740,148.5627542017680,147.1799008350900,149.6037607366150,148.1412877684660,148.8953513811430,173.7082953997950,201.7798691009540,228.6460867133950,193.9052363601150,158.7880263892180,178.2441999755540,176.8291344879200,170.5301503037600
"..Region VIII (Eastern Visayas)","01.1.1.12 - Rice",91.2586906219092,91.0726364958517,91.2805849520058,91.1503996923442,90.3093847072752,90.4480244064684,90.8969665611406,91.1122418016806,92.0824155105759,91.6262395796873,91.0439829366394,90.9664381392474,91.2840958539775,91.4471698328867,91.2438768058522,91.9949836675704,94.0013714695925,93.4313134443065,93.0979194227377,94.1837121926655,94.9598259759751,95.1213969565792,94.5620582287448,95.1990052352158,95.7694036874384,96.1320592762952,94.8391298322507,94.8488116487219,95.3438096619136,94.9721910827059,95.8249123615993,96.3550851398684,95.6645876273374,96.0183907402322,96.5918517649201,97.5617730678897,96.2948698044728,96.6858616834539,98.0001682793701,98.4963338943904,98.3947294083674,98.1934197382536,99.0527476799130,100.4520618245660,110.8258935564170,109.4529731723710,111.1163885728590,117.5235442798650,123.2224466286950,123.6616875764380,123.7367825337440,122.9906402884240,120.8761725776240,120.4520603414630,119.6946668957180,118.1597676323990,118.7191454459840,118.7492241618420,118.9772780339880,118.1442168356410
"..Region VIII (Eastern Visayas)","01.1.1.16 - Corn",101.8962900165120,101.8893985249090,102.0846008318230,102.0626296947290,102.1617177041410,102.0097337507780,102.0437284127940,101.5509982202620,97.4945423168385,97.2784885431262,97.2240343940588,97.2495609416907,92.8808187228777,92.9846005886149,93.0357089167419,93.0317141922650,93.0497146419332,93.1262533280121,93.1319469021946,93.1319469021946,93.1319469021946,92.7821179414203,92.9670700470851,93.3471582640400,93.4732417518082,95.6676122571451,96.6144405076921,96.6791617006321,96.8124593020358,97.5029461490620,98.1577167814582,98.2147339759869,100.1864408773990,100.2451557402250,100.3751215900810,100.4418853777730,100.8029898840970,100.7234748731080,100.8323581251630,100.8696422202800,100.9827022538020,100.9910245964620,100.9993469391220,101.2399268094640,101.3903521966180,101.6063455491720,102.5989040154110,103.1390475455790,106.4197587984720,106.4385406599280,106.7172128485750,106.8558936320900,106.7490290263430,106.7024948621380,106.7157304868940,106.7617493958550,107.6877243640960,107.7761383374660,107.5053817214070,107.1845257659520
"..Region IX (Zamboanga Peninsula)","01.1.1.12 - Rice",91.0644395132070,89.4433437408164,87.7178847198154,88.8329185749040,90.6778789724706,90.6403937771967,91.0545509520474,89.6699691860089,87.8612818387608,85.8676140769782,81.8494862895192,83.1939122460706,83.7146487990676,83.5148366621855,83.9176512766613,83.3169071576558,82.3834773302315,82.7971650437183,83.0366881542514,81.3926930394515,81.8086106876150,82.4610902428873,82.7370647250787,83.0478906991887,82.9973679508485,82.8659698362766,82.8676448634690,82.8590363287515,83.3062567988286,84.5763746752698,84.8823170707574,84.2733989595833,83.7076275975479,82.7392165741906,82.8195345249483,83.9943246901554,84.2849973655509,84.1550602755108,85.3073208330692,86.4855295148203,88.1607061941202,87.8520012014161,89.0849571700829,94.7629559213720,111.7125703807350,101.6373402865040,104.5636157912590,107.2405370727310,109.4932334412860,109.4872711380520,110.4264613691040,109.9422342194680,108.8541500210650,109.4015673739400,109.1901341979030,109.3449602030250,108.8522972598070,108.0573242923210,105.7842334645070,104.5916545790750
"..Region IX (Zamboanga Peninsula)","01.1.1.16 - Corn",96.3909797883357,94.7552567103625,92.2402175008476,92.9887918751925,94.7919912214866,94.6325727279501,94.8699129730777,93.6356576349521,90.9370425577046,87.7977388567965,84.9850342302900,85.8963694431890,83.8546225939560,87.3784720625501,89.3961220372702,93.9724059776435,101.9953529517620,103.5596071814680,109.2196703455340,108.6060378585570,105.1305899148840,106.4417751067160,105.9082072718260,105.7724268087510,105.9480613621880,106.0854384288080,102.9317686191430,106.3568480580080,111.7501244037370,113.0288599981550,114.3440884769040,114.8852748914050,116.5927359328430,116.8969976024860,118.4401656936350,118.6540859720330,120.3805087229850,118.8752767147260,117.6696475091440,117.8406259807340,118.8680548855800,119.0195068138980,121.5078118504250,125.2802497520880,129.0415334496990,128.5296383269140,128.0368813983700,128.7578870706810,128.1219800843370,130.4430895281160,131.5732466492720,133.2202571386220,133.2724099831240,135.6254800541560,139.2376715071520,143.8802812979900,138.6777310347080,131.2065173203710,125.7892134029030,121.4278165760040
"..Region X (Northern Mindanao)","01.1.1.12 - Rice",94.4600578517260,93.6541494817726,91.7940620363882,91.9161672495178,92.1852460516071,93.1085580070067,93.6378866597425,93.1559094545392,92.6616523255053,91.1980673957497,91.1980673957497,90.2641961168082,90.1462492305557,91.5431875290121,90.8376590373094,91.0738538573066,90.6775546351953,90.1246154718456,90.3484435504130,90.3902147484067,89.6459760199301,89.1265048256858,88.1176828015548,87.3151743738083,87.7052887057341,88.2250891305012,88.5283435246838,89.0003001617613,89.3717108678058,89.8035475699213,90.5315349843319,90.3200273705607,91.3149393510505,91.1419313060017,92.0964947766383,92.2797832793244,92.2311813314352,92.2627570806660,91.7814807604722,92.2122030350328,92.6882416944542,92.8221506449592,93.7249057185960,100.0840315632450,120.5892101263840,110.4654678398120,109.0971645266060,115.5721361143670,114.5764784387730,117.2368966865710,118.1304405315470,120.1672995686650,119.3464299503990,119.3077504635210,119.7173328449110,118.4557138901710,118.7017581387220,119.1774478091760,116.7400748021500,117.0787433826350
"..Region X (Northern Mindanao)","01.1.1.16 - Corn",91.1397292452595,89.0155131957205,87.9132149396346,90.4760239629657,91.6429355544012,93.6177864239860,93.6792648664559,93.9934613819569,92.6022721135471,90.8791587507829,90.6949623395193,90.2565144102257,90.2603862068404,89.4195433664916,91.1022900285018,93.9679915867712,100.0673181636750,103.3456767694650,105.9292539847060,105.9313551836140,104.7460571657380,106.2301527382560,106.2477375193250,107.6573011043750,108.0875961296610,108.0640039096960,107.5245620997310,108.8355973096710,110.5562992393360,111.2821608884060,113.1737761414120,114.5555074470580,115.9852456054560,117.3839259394190,117.7643448070740,119.2381177992170,120.3874014814990,119.7146416962690,118.8486813159460,118.9513667800460,119.8806052297660,120.4813653576410,120.2206410913540,120.6515390772400,124.8380691644250,124.0874094543430,124.2185160217400,124.5323727579320,123.6030834049530,123.8350900293690,125.0395651620980,126.4312773690330,134.5603980275120,140.2350078981810,145.6042179837140,149.8210110518820,149.6492315641810,143.7743712988560,136.1695956472310,135.5029453421160
"..Region XI (Davao Region)","01.1.1.12 - Rice",84.8901949622007,83.9766072534892,84.0220520010448,91.3068133648565,91.6799737813794,91.2384866276742,90.2041501594503,89.6613569108701,89.0635740139563,87.1455397257941,84.9908709051676,84.2807420968128,83.2210917026288,82.0384432502248,82.7795993099120,84.6709517816754,85.1315936866393,85.9515459798825,85.9035403894449,87.4266819770252,86.8641124225804,87.1353846047228,84.7252422070525,84.5201804168705,84.8703156036237,85.2557472323869,85.1299076044377,86.9277746827151,87.7995697252861,89.5813746369764,89.2302950669666,88.8348768186045,89.0765528441364,89.5557851623308,89.9685771420431,88.9207404493918,88.5725233548050,88.0721930094888,88.8928559682718,89.9849458019209,90.8548967878512,91.8380528354852,93.8954779501141,97.5799568785694,111.9046836271040,107.9243479021860,111.2866392367280,112.9603771911080,115.7539075871650,116.8658328750680,117.0919339632560,116.5895636826110,116.2915388164740,116.8200587714800,116.4872959528380,117.5201564649560,117.2266063259060,116.0704833665810,112.8969367202890,111.0971257695400
"..Region XI (Davao Region)","01.1.1.16 - Corn",79.4932044572018,78.1498995280483,78.1576843124206,88.4435137233568,90.2184734243532,88.1513533957097,86.5610529905862,84.7448816006346,84.2771349850821,82.0113408776083,79.7863500370581,79.0719051911521,79.1134075369393,79.9334168331826,81.9954437712087,88.6990412478094,89.9784507689597,92.3705109271036,94.1112549473677,96.9960061829198,96.4940615214404,96.9891661028225,95.2035388053379,95.2815894072592,94.6750214766484,95.4511139952599,97.4674420644266,99.9105567643035,104.6886527447590,108.9445708877260,115.6638611414630,119.2105721756160,128.4620155972370,133.9586342550160,133.7432236329130,131.9683561099240,131.1959614251880,132.2687845303620,131.4798457841430,130.4935848373310,129.4440453529550,132.3544117283060,131.8258744347270,131.9225308891890,132.0098956841370,131.1312900979030,130.7730443659920,130.6846544934920,133.2659612461270,132.2017447500140,131.8129190799720,132.4363807976440,138.4892708158260,142.4287520190710,142.9950648123950,144.1721475675440,142.0935104558880,134.6186647620450,126.4531940935070,118.3108877824230
"..Region XII (SOCCSKSARGEN)","01.1.1.12 - Rice",81.6957695735451,81.8099048995419,81.5718571731515,91.8588776501793,93.2207843673526,93.5662238910206,93.4283941844124,92.1462333355934,88.9915969690682,83.4857647563800,82.1796988303322,81.8190661951579,80.4294051148106,78.7500746497307,80.4906602877123,82.6833487399005,83.6411508899129,84.2350757530204,84.4539695106509,85.0461885930573,83.5068763815318,81.9254341642664,81.4906745837148,82.0794934087086,82.6277071824317,82.9845134282006,83.4003673721528,84.6849327754606,85.1945717132767,86.3255440870222,87.0689743124481,87.4253406111345,85.0545349210507,84.1165117328761,84.7027429489776,85.2528818254476,85.0764084333204,84.9161261178278,85.6191169299701,87.2532448782472,88.2799461461630,89.2023233588839,90.3619999004569,95.7025595274805,100.9518595247640,98.8009439619631,103.2762794930850,107.6512172972800,109.5691210182560,111.8149929560670,113.1429047775820,112.5055678631610,111.8973916629140,112.0027543053000,112.1026945316750,113.0578573759510,111.6856336893340,110.2796899762740,106.2324705595870,105.6614285135530
"..Region XII (SOCCSKSARGEN)","01.1.1.16 - Corn",90.4371897880457,86.5683853925015,86.0361819057158,99.1024849363457,98.7532675965058,98.0531616827224,93.1295511485344,93.6847814598971,95.0480388433347,93.6151039101209,91.1523981003638,91.0943739459212,91.7657048284856,92.6580465940093,92.2343035128903,102.0405205690520,106.5929351552670,108.5736138502910,108.7062154342900,109.0174441062960,105.9522494937900,105.1837698107630,104.5551374015790,104.0837667956790,103.8823887603580,103.9892817430850,103.5394725026460,107.3875805688440,109.5772575964950,111.7695030651410,116.4550871217000,118.8531556740610,120.1613446620560,120.8434072754510,120.8014116418600,119.8603237398250,117.9927569869050,116.6385581318980,116.6323551480860,116.8963774257580,117.1538557391350,116.6920403135160,117.4191503588030,117.4839997178010,117.0841906227690,117.1147126667650,117.1957656633100,116.8024353369140,116.8900876920220,116.4568601878970,116.1006711673410,117.2163996096350,121.7784919481060,123.9851259702010,124.9748951850890,128.4143792873090,124.5654553494210,113.4883811973040,108.2920065706670,105.6160339900570
"..Bangsamoro Autonomous Region in Muslim Mindanao (BARMM)","01.1.1.12 - Rice",89.3685889529795,88.9853373784783,89.4454641094984,91.1503651084527,93.3228409124066,94.4679319497483,94.2040581570598,92.6597854255890,93.1483271472123,92.9359793288200,92.5467177544896,92.4919690029099,92.1145750109898,92.3311367638616,93.1389277271640,92.7765637216342,92.8059658297902,92.8113966855580,94.0854086521735,94.5094343921158,96.0096564005817,95.9854844697352,96.0014072542656,95.6419090176708,97.2841286965203,97.6748248232649,98.2598359594487,98.6361563908281,98.6625370638290,99.0755989324868,99.4911680900848,100.4097174231960,100.9436882062100,100.8758411703330,101.0171069929620,100.6652115143860,100.9785257872180,101.0222168369340,100.6311224026390,100.3805723376510,100.5867456818220,102.7110402936210,103.7182560649510,107.7366219562860,121.4058138208260,120.4119528603190,121.6043580180830,122.4013217492050,122.3580469381880,124.0918521298920,126.3849615253400,125.9606348586110,124.5969749156780,123.6852244181260,123.5676758012080,122.1248236494060,121.9410939057680,121.5129256638490,121.3962871083300,120.7156644118740
"..Bangsamoro Autonomous Region in Muslim Mindanao (BARMM)","01.1.1.16 - Corn",110.8045758906420,105.7761680221180,107.9007640715490,110.0825279128570,109.7202748312420,103.8632096024890,95.4055122929084,96.4045252857186,96.6869561975617,96.5327528631484,97.2316887333950,96.2558378401699,96.3241749284537,96.2213727055116,97.2827368736656,98.6135032822649,98.4716966309413,98.4401141581388,98.5015519699111,98.8101189766768,98.9129211996190,98.6559156422635,98.9129211996190,98.5531134193212,98.5531134193212,98.5531134193212,99.9408455812099,101.7489508344720,101.8190926706400,102.0760982279950,108.1518468902000,107.8969390700170,110.2208065729710,109.0047580565870,107.9253347156940,108.5891890941650,109.4043691464000,109.5071713693420,108.0178802541620,107.8405295700670,108.2674069364610,106.5756922255930,108.8337174972690,108.5352318252900,110.0963589385690,103.8773703903850,103.5581124997660,103.3922273678730,102.5716214066420,102.0326676948960,102.1570714102670,102.2597179205230,101.9137717814610,101.2900550495480,101.5030451558270,99.0859530903580,97.5291338418980,96.4911403815044,96.0173978260265,96.0462103145795
"..Region XIII (Caraga)","01.1.1.12 - Rice",84.4014211595345,83.8340298673630,83.4278527263432,87.8933050779255,88.9902985976716,89.6955461311657,89.9981112381316,90.0278761618715,88.1158798714320,86.1943184554206,86.1477650517226,85.4547503508776,83.7209167470142,83.3951670729056,82.9437402167459,82.1908861460159,83.5790587350952,83.0143414944130,83.1677215967543,81.9513729078624,81.5991782933801,81.7363719259793,82.4569035783098,82.4992408626405,83.6469824070165,84.2561159631311,84.1839882769558,84.2030971628976,83.8235448719257,84.7321115665187,84.7949332083678,84.6211163436150,84.6947198243312,84.4121546766143,85.1075720194962,85.3904376059263,84.8689190648947,84.1866945009166,85.0810616770355,86.1996326654669,87.0024556418320,87.1358826814689,87.5534160058116,94.2088003381247,104.8897594072480,102.8515674670930,104.7817071267910,106.5885241066690,109.3819882649370,111.3374163099420,113.0531059776090,112.1307619098660,111.0403460092790,111.5748286663070,111.4315505381310,111.5594055451840,109.1500486836890,109.7666784305310,106.7900561694300,107.0305009931360
"..Region XIII (Caraga)","01.1.1.16 - Corn",87.9789048417773,88.7411613613899,86.2399897601374,101.1159682307860,101.1798736287020,103.5590500063140,101.3632362480990,100.5597784784890,101.2659453508010,101.8717406347700,104.7756425075770,103.7199310936860,102.3894877335060,103.3026487233490,107.1072501868070,109.8821950051630,115.5258012665620,120.4477700956240,123.5069095634040,125.6187458519110,122.0210942493780,120.1710067981770,119.6023472021620,121.1115612908830,120.9670209557610,121.6369119648420,119.1472447517370,119.4275706957520,122.0185812687080,123.9027423170520,128.4635416635600,129.7125146851970,135.1539715627110,132.8085396909000,135.7633500726400,135.7935279396200,138.7605845861210,139.7984423328310,140.0815385105200,137.5579728207570,138.5293441933600,139.7801240088280,142.8964305722170,143.4478922829970,150.5797641300690,150.2496507399700,149.7126151015740,147.7917082853900,148.1453979791670,150.0745715355480,152.0148118718240,153.6632757442110,156.8359548287920,158.2946468521990,157.3283320069950,163.9584439510300,162.6816776974980,154.6873709424500,148.8952659820340,148.5987200104730
